"","Leaf_Oenothein_B","Leaf_Oenothein_A","Flower_Oenothein_B","Flower_Oenothein_A","Fruit_Oenothein_B","Fruit_Oenothein_A"
"Leaf_Oenothein_B",1,-0.76055744099728,0.662350265485316,-0.634112935922541,0.708932043170691,-0.807483401172542
"Leaf_Oenothein_A",-0.76055744099728,1,-0.633758967057371,0.615674835047367,-0.600083001653875,0.782715540483911
"Flower_Oenothein_B",0.662350265485316,-0.633758967057371,1,-0.374810406785528,0.677646133607035,-0.67604697603201
"Flower_Oenothein_A",-0.634112935922541,0.615674835047367,-0.374810406785528,1,-0.512000872176932,0.724136094330611
"Fruit_Oenothein_B",0.708932043170691,-0.600083001653875,0.677646133607035,-0.512000872176932,1,-0.621134443131811
"Fruit_Oenothein_A",-0.807483401172542,0.782715540483911,-0.67604697603201,0.724136094330611,-0.621134443131811,1
